scenario,algorithm,avg_regret,std_regret,subopt_ratio,p_value,paper_regret_T1e6,T,trials
"Scenario A – Baseline        (p1=0.80, p2=0.90)",ETC (m=100),9.999999999999982,1.7763568394002505e-15,0.0010000000000000002,0.35661063040889096,10.1,100000,10
"Scenario A – Baseline        (p1=0.80, p2=0.90)",ETC (m=10k),1000.0000000001588,0.0,0.1,0.365908948677482,1000.0,100000,10
"Scenario A – Baseline        (p1=0.80, p2=0.90)",Greedy (e=0.05),265.95999999999304,29.024505163746717,0.026595999999999998,0.2160224596317949,,100000,10
"Scenario A – Baseline        (p1=0.80, p2=0.90)",Greedy (e=0.5),2497.464999998824,8.753971955624488,0.2497465,0.2746247479310596,25002.2,100000,10
"Scenario A – Baseline        (p1=0.80, p2=0.90)",UCB,164.25999999999513,23.686312503214875,0.016426,0.24188133501008513,238.17,100000,10
"Scenario A – Baseline        (p1=0.80, p2=0.90)",UCB-Tuned,28.505000000000148,9.741674650695447,0.0028505,0.358365129835309,30.67,100000,10
"Scenario A – Baseline        (p1=0.80, p2=0.90)",UCB-V,89.13499999999922,9.65246212113725,0.0089135,0.37172635596217485,109.93,100000,10
"Scenario A – Baseline        (p1=0.80, p2=0.90)",EUCBV,74.81499999999988,9.277123746075295,0.0074814999999999994,0.3524795860516372,47.73,100000,10
"Scenario A – Baseline        (p1=0.80, p2=0.90)",PAC-UCB,263.85499999999354,15.805733927915933,0.0263855,0.33292739281619754,99.5,100000,10
"Scenario A – Baseline        (p1=0.80, p2=0.90)",UCB-Improved,43.39000000000031,11.20555219522902,0.004339,0.3226192835515016,32500.11,100000,10
"Scenario B – Low-Var Micro   (p1=0.895, p2=0.90)",ETC (m=100),150.19999999988548,165.49957703860784,0.30039999999999994,8.70124593818078e-05,,100000,10
"Scenario B – Low-Var Micro   (p1=0.895, p2=0.90)",ETC (m=10k),129.99999999993832,97.97958971124288,0.26000000000000006,0.017137495081281484,150.66,100000,10
"Scenario B – Low-Var Micro   (p1=0.895, p2=0.90)",Greedy (e=0.05),90.40224999996217,71.73259974937754,0.1808045,0.02644631895752414,361.97,100000,10
"Scenario B – Low-Var Micro   (p1=0.895, p2=0.90)",Greedy (e=0.5),142.57174999994282,17.389508404838534,0.28514350000000005,0.4944758599954996,1264.52,100000,10
"Scenario B – Low-Var Micro   (p1=0.895, p2=0.90)",UCB,200.68024999988998,15.513678539020404,0.4013605,0.5938638957799882,1127.17,100000,10
"Scenario B – Low-Var Micro   (p1=0.895, p2=0.90)",UCB-Tuned,94.92599999998347,27.219101982777786,0.189852,0.4260113665558519,212.21,100000,10
"Scenario B – Low-Var Micro   (p1=0.895, p2=0.90)",UCB-V,124.63374999995915,34.97418310783363,0.24926750000000003,0.5561478809954832,346.58,100000,10
"Scenario B – Low-Var Micro   (p1=0.895, p2=0.90)",EUCBV,121.7392499999597,31.593053371126498,0.2434785,0.5199945025022292,461.36,100000,10
"Scenario B – Low-Var Micro   (p1=0.895, p2=0.90)",PAC-UCB,208.96024999988245,14.640290829150564,0.41792050000000003,0.5924071412828551,395.89,100000,10
"Scenario B – Low-Var Micro   (p1=0.895, p2=0.90)",UCB-Improved,145.8124999999399,25.274936547869668,0.291625,0.668796179474868,2525.0,100000,10
"Scenario C – High-Var Micro  (p1=0.89, p2=0.895)",ETC (m=100),175.14999999986637,159.75794972382735,0.3503,0.00014208678390981166,,100000,10
"Scenario C – High-Var Micro  (p1=0.89, p2=0.895)",ETC (m=10k),129.99999999993832,97.97958971124288,0.26000000000000006,0.038923359867237495,170.53,100000,10
"Scenario C – High-Var Micro  (p1=0.89, p2=0.895)",Greedy (e=0.05),135.43799999991754,129.55856333517033,0.270876,6.789582011423878e-05,301.55,100000,10
"Scenario C – High-Var Micro  (p1=0.89, p2=0.895)",Greedy (e=0.5),141.46724999994385,16.79447492665332,0.2829345,0.7115395733680261,1269.05,100000,10
"Scenario C – High-Var Micro  (p1=0.89, p2=0.895)",UCB,202.74574999988812,15.033248195652492,0.40549149999999995,0.7716836966333677,1172.57,100000,10
"Scenario C – High-Var Micro  (p1=0.89, p2=0.895)",UCB-Tuned,98.29324999997782,32.69221115282527,0.1965865,0.3821794930121676,226.09,100000,10
"Scenario C – High-Var Micro  (p1=0.89, p2=0.895)",UCB-V,133.62174999995096,31.97567135824736,0.26724349999999997,0.7505589054393889,367.65,100000,10
"Scenario C – High-Var Micro  (p1=0.89, p2=0.895)",EUCBV,126.61224999995736,28.975317566179896,0.2532245000000001,0.693383954647554,476.31,100000,10
"Scenario C – High-Var Micro  (p1=0.89, p2=0.895)",PAC-UCB,210.95099999988065,13.049930852295358,0.42190199999999994,0.7415224785375913,417.34,100000,10
"Scenario C – High-Var Micro  (p1=0.89, p2=0.895)",UCB-Improved,147.79899999993808,29.232270613971227,0.29559799999999997,0.7977047033531142,2450.0,100000,10
